,DistrictName,Depot Name,google Maps Location,,,,,,,,google Maps Location,Latitude,Longitude
1,Belagavi,Chikodi,"Indira Nagar Rd, Indira Nagar, Chikodi, Karnataka 591201, India",,,,,,,,"Indira Nagar Rd, Indira Nagar, Chikodi, Karnataka 591201, India",16.4238624,74.5820851
2,Belagavi,Athani,"Mini Vidhana Soudha, SH 12, Shivayogi Nagar, Athani, Karnataka 591304, India",,,,,,,,"Mini Vidhana Soudha, SH 12, Shivayogi Nagar, Athani, Karnataka 591304, India",16.7330633,75.0894486
3,Belagavi,Raibag,"FQRH+V87, Belgaum District, Raibag, Karnataka 591317, India",,,,,,,,"FQRH+V87, Belgaum District, Raibag, Karnataka 591317, India",16.4921625,74.7782969
4,Belagavi,Gokak,"5R8C+F2 Gokak, Karnataka, India",,,,,,,,"5R8C+F2 Gokak, Karnataka, India",16.1661875,74.8200625
5,Belagavi,Hukkeri,"6JQ2+VQ6, Hukkeri, Karnataka 591309, India",,,,,,,,"6JQ2+VQ6, Hukkeri, Karnataka 591309, India",16.2396625,74.6018906
6,Belagavi,Belagavi,"VG86+HWR, NH 4A, Khade Bazar, Raviwar Peth, Belagavi, Karnataka 590001, India",,,,,,,,"VG86+HWR, NH 4A, Khade Bazar, Raviwar Peth, Belagavi, Karnataka 590001, India",15.5820528,74.5169239
7,Belagavi,Khanapur,"JGQ4+68R, Mini Vidhansouda, Belgaum, Goa Road, Khanapur, Karnataka 591302, India",,,,,,,,"JGQ4+68R, Mini Vidhansouda, Belgaum, Goa Road, Khanapur, Karnataka 591302, India",15.6406634,74.5170319
8,Belagavi,Savadatti,"Q458+84P, Savadatti Yallamma, Karnataka 591126, India",,,,,,,,"Q458+84P, Savadatti Yallamma, Karnataka 591126, India",15.7583375,75.1153281
9,Belagavi,Bailhongal,"RV96+FV6, Bailhongal, Karnataka 591102, India",,,,,,,,"RV96+FV6, Bailhongal, Karnataka 591102, India",15.8186625,74.8621406
10,Belagavi,Ramdurg,"W7XV+8GQ, Ramdurg, Karnataka 591123, India",,,,,,,,"W7XV+8GQ, Ramdurg, Karnataka 591123, India",15.9483375,75.2938594
11,Belagavi,Kittur,"HQWR+WH7, Kittur, Karnataka 591115, India",,,,,,,,"HQWR+WH7, Kittur, Karnataka 591115, India",15.5972875,74.7914219
12,Belagavi,Nippani,"Tarle Petrol Pump, Old Pune Bangalore Rd, Nipani, Karnataka 591237, India",,,,,,,,"Tarle Petrol Pump, Old Pune Bangalore Rd, Nipani, Karnataka 591237, India",16.397263,74.3805477
13,Belagavi,Mudalagi,"8XQ4+HCW, Mudalagi, Karnataka 591312, India",,,,,,,,"8XQ4+HCW, Mudalagi, Karnataka 591312, India",16.3389875,74.9560781
14,Belagavi,Yaragatti,"X28C+HH3, Yaragatti, Karnataka 591129, India",,,,,,,,"X28C+HH3, Yaragatti, Karnataka 591129, India",15.9663875,75.0214219
15,Bagalkot,Jamkhandi,"Court Rd,Jamkhandi, Karnataka 587301,India",,,,,,,,"Court Rd,Jamkhandi, Karnataka 587301,India",16.5054538,75.2924059
16,Bagalkot,Bilagi,"8JW7+CXC, Bilgi, Karnataka 587116, India",,,,,,,,"8JW7+CXC, Bilgi, Karnataka 587116, India",16.3460625,75.6148906
17,Bagalkot,Mudhol,"Govindpur Road, opposite Police Station, Mudhol, Karnataka 587313, India",,,,,,,,"Govindpur Road, opposite Police Station, Mudhol, Karnataka 587313, India",16.3295871,75.2850096
18,Bagalkot,Badami,"WM8G+RW4, Badami, Karnataka 587201, India",,,,,,,,"WM8G+RW4, Badami, Karnataka 587201, India",15.9170125,75.6773281
19,Bagalkot,Bagalkote,"5M59+F77, Sector 22, Nava Nagar, Bagalkote, Karnataka 587103, India",,,,,,,,"5M59+F77, Sector 22, Nava Nagar, Bagalkote, Karnataka 587103, India",16.1586625,75.6681719
20,Bagalkot,Hungund,"3386+43P, Hungund, Karnataka 587118, India",,,,,,,,"3386+43P, Hungund, Karnataka 587118, India",16.0653375,76.0602031
21,Bagalkot,Guledagudda,"2QXP+Q9X, Guledagudda, Karnataka 587203, India",,,,,,,,"2QXP+Q9X, Guledagudda, Karnataka 587203, India",16.0494875,75.7859844
22,Bagalkot,Ilkal,"X468+M23, Ilkal, Karnataka 587125, India",,,,,,,,"X468+M23, Ilkal, Karnataka 587125, India",15.9616375,76.1150469
23,Vijayapura,Bijapur,"RPJ5+46G, Near Shivaji Chowk, Shahu Nagar, Vijayapura, Karnataka 586101",,,,,,,,"RPJ5+46G, Near Shivaji Chowk, Shahu Nagar, Vijayapura, Karnataka 586101",16.8288,75.71778
24,Vijayapura,Sindagi,"W6FM+JP8, HANIF CHATTARKI Rd, Sindagi, Karnataka 586128, India",,,,,,,,"W6FM+JP8, HANIF CHATTARKI Rd, Sindagi, Karnataka 586128, India",16.9249603,76.2343913
25,Vijayapura,Basavan Bagewadi,"HXCM+JJF, Basavana Bagewadi, Karnataka 586203, India",,,,,,,,"HXCM+JJF, Basavana Bagewadi, Karnataka 586203, India",16.5715625,75.9840469
26,Vijayapura,Muddebihal,"84PH+GV4, Muddebihal, Karnataka 586212, India",,,,,,,,"84PH+GV4, Muddebihal, Karnataka 586212, India",16.3362625,76.1297031
27,Vijayapura,Babaleshwara,"RPJ5+46G, Near Shivaji Chowk, Shahu Nagar, Vijayapura, Karnataka 586101, India",,,,,,,,"RPJ5+46G, Near Shivaji Chowk, Shahu Nagar, Vijayapura, Karnataka 586101, India",16.8301229,75.7105151
28,Vijayapura,Talikote,"F8F3+3X, Talikoti Rural, Karnataka 586214, India",,,,,,,,"F8F3+3X, Talikoti Rural, Karnataka 586214, India",16.4726875,76.3049375
29,Vijayapura,Tikota,"RGQC+4MX, kotyal road, Tikota, Karnataka 586130, India",,,,,,,,"RGQC+4MX, kotyal road, Tikota, Karnataka 586130, India",16.7832572,75.4912717
30,Vijayapura,Kolhar,"MAIN ROAD, KOLHAR BASAVAN BAGEWADI, TALUK, Vijayapura, Karnataka 586210",,,,,,,,"MAIN ROAD, KOLHAR BASAVAN BAGEWADI, TALUK, Vijayapura, Karnataka 586210",16.5681108,75.9753516
31,Vijayapura,Alamela,"RPF9+V4C, Gopalpur Galli, Vijayapura, Karnataka 586101, India",,,,,,,,"RPF9+V4C, Gopalpur Galli, Vijayapura, Karnataka 586101, India",16.8246875,75.7177656
32,Gulbarga/Kalaburagi,Aland,"HHC8+7R5, Aland, Karnataka 585302, India",,,,,,,,"HHC8+7R5, Aland, Karnataka 585302, India",17.5706375,76.5671094
33,Gulbarga/Kalaburagi,Afzalpur,"VKG Nagar, Gulbarga, SH-22, Sindagi Kalaburagi Road, Afzalpur, Afzalpur, Karnataka 585301, India",,,,,,,,"VKG Nagar, Gulbarga, SH-22, Sindagi Kalaburagi Road, Afzalpur, Afzalpur, Karnataka 585301, India",17.1907209,76.3417286
34,Gulbarga/Kalaburagi,Gulbarga,"8R9J+CQG, Shambhognlli, Kalaburagi, Karnataka 585102",,,,,,,,"8R9J+CQG, Shambhognlli, Kalaburagi, Karnataka 585102",17.3185625,76.8319531
35,Gulbarga/Kalaburagi,Chincholi,"FC79+99R, Chincholi, Karnataka 585307, India",,,,,,,,"FC79+99R, Chincholi, Karnataka 585307, India",17.4634875,77.4183906
36,Gulbarga/Kalaburagi,Sedam,"57HJ+MW7, Main Road, Sedam, Karnataka 585222, India",,,,,,,,"57HJ+MW7, Main Road, Sedam, Karnataka 585222, India",17.18885,77.20725
37,Gulbarga/Kalaburagi,Jewargi,"2Q4F+6G4, Jevargi, Karnataka 585310, India",,,,,,,,"2Q4F+6G4, Jevargi, Karnataka 585310, India",17.0055125,76.7738281
38,Gulbarga/Kalaburagi,Kalgi,"9563+4P2, Kalgi, Karnataka 585324, India",,,,,,,,"9563+4P2, Kalgi, Karnataka 585324, India",17.3602625,77.1542656
39,Gulbarga/Kalaburagi,Kamalapura,"HXQR+Q7, Kamalapur, Karnataka 585313, India",,,,,,,,"HXQR+Q7, Kamalapur, Karnataka 585313, India",17.5894375,76.9906875
40,Gulbarga/Kalaburagi,Yedrami,"VJWJ+6PR, Jewargi to Yadrami Main Road, Alur, Karnataka 585325, India",,,,,,,,"VJWJ+6PR, Jewargi to Yadrami Main Road, Alur, Karnataka 585325, India",16.8983827,76.5224546
41,Gulbarga/Kalaburagi,Shahabad,"4WFR+3C7, Railway Station Area, Shahabad, Karnataka 585228, India",,,,,,,,"4WFR+3C7, Railway Station Area, Shahabad, Karnataka 585228, India",17.1226625,76.9410469
42,Bidar,Basavakalyan,"VW7X+P7W, Basavakalyan,, Jai Shankar Colony, Basavakalyan, Karnataka 585327, India",,,,,,,,"VW7X+P7W, Basavakalyan,, Jai Shankar Colony, Basavakalyan, Karnataka 585327, India",17.8643625,76.9482031
43,Bidar,Bhalki,"3628+RQV, Bhalki, Karnataka 585328, India",,,,,,,,"3628+RQV, Bhalki, Karnataka 585328, India",18.0521125,77.2169219
44,Bidar,Aurad,"7C26+6VG, Aurad Main Rd, Aurad, Karnataka 585326, India",,,,,,,,"7C26+6VG, Aurad Main Rd, Aurad, Karnataka 585326, India",18.2505625,77.4122031
45,Bidar,Bidar,"District Court, Nandi Colony, Bidar, Karnataka 585401, India",,,,,,,,"District Court, Nandi Colony, Bidar, Karnataka 585401, India",17.9133564,77.5181885
46,Bidar,Humnabad,"Q4CH+36M, Humnabad, Karnataka 585330, India",,,,,,,,"Q4CH+36M, Humnabad, Karnataka 585330, India",17.7702125,77.1280469
47,Raichur,Devdurga,"Devadurga, Shantinagar, Raichur, SH-15, Shahapur Devadurga Road, Devadurg, Devadurg, Karnataka 584111, India",,,,,,,,"Devadurga, Shantinagar, Raichur, SH-15, Shahapur Devadurga Road, Devadurg, Devadurg, Karnataka 584111, India",16.4191062,76.9255487
48,Raichur,Raichur,"683X+27Q, Androon Quilla, Raichur, Karnataka 584101, India",,,,,,,,"683X+27Q, Androon Quilla, Raichur, Karnataka 584101, India",16.2025875,77.3482344
49,Raichur,Manvi,"X2XR+CW6, Manvi, Karnataka 584123, India",,,,,,,,"X2XR+CW6, Manvi, Karnataka 584123, India",15.9985375,77.0422656
50,Raichur,Sindhanur,"QQ94+Q6F, Taluk panchayat, Sindhanur, Karnataka 584128, India",,,,,,,,"QQ94+Q6F, Taluk panchayat, Sindhanur, Karnataka 584128, India",15.7694475,76.7555543
51,Raichur,Maski,"WMV4+7WC, Maski, Karnataka 584124, India",,,,,,,,"WMV4+7WC, Maski, Karnataka 584124, India",15.9431875,76.6572656
52,Raichur,Sirwar,"Post office, Sirwar, Karnataka 584129, India",,,,,,,,"Post office, Sirwar, Karnataka 584129, India",16.1749412,77.0269884
53,Koppal,Yelburga,"Yelburga, Koppal SH-129, Chikkahesarur Mundaragi Road, Koppal, Karnataka 583236, India",,,,,,,,"Yelburga, Koppal SH-129, Chikkahesarur Mundaragi Road, Koppal, Karnataka 583236, India",15.6365032,76.0236569
54,Koppal,Kushtagi,"Q53V+J25, SH 30, Kushtagi, Karnataka 583277, India",,,,,,,,"Q53V+J25, SH 30, Kushtagi, Karnataka 583277, India",15.7545483,76.1928246
55,Koppal,Gangavathi,"Pampa Nagar, Koppal, SH-130, Kanakagiri Gangavathi Munirabad Road, Gangavathi, Gangavathi, Karnataka 583227, India",,,,,,,,"Pampa Nagar, Koppal, SH-130, Kanakagiri Gangavathi Munirabad Road, Gangavathi, Gangavathi, Karnataka 583227, India",15.4390387,76.5266738
56,Koppal,Koppal,"Public Ground, Laksmi shiva talkies road, traffic police station road, near, Old Office Road, B.T.Patil Nagar, Koppal, Karnataka 583231, India",,,,,,,,"Public Ground, Laksmi shiva talkies road, traffic police station road, near, Old Office Road, B.T.Patil Nagar, Koppal, Karnataka 583231, India",15.3527159,76.1566359
57,Koppal,Karatagi,"JM35+VJP, Karatagi, Karnataka 583229, India",,,,,,,,"JM35+VJP, Karatagi, Karnataka 583229, India",15.6047125,76.6590781
58,Koppal,Kuknoor,"GX2Q+FVF, Dyampur, Karnataka 583232",,,,,,,,"GX2Q+FVF, Dyampur, Karnataka 583232",15.5011875,75.9896719
59,Koppal,Kanakagiri,"HCCC+74Q, Kanakagiri, Karnataka 583283, India",,,,,,,,"HCCC+74Q, Kanakagiri, Karnataka 583283, India",15.5707125,76.4203594
60,Gadag,Naragund,"P9GH+4HJ, Unnamed Road, Nargund, Karnataka 582207, India",,,,,,,,"P9GH+4HJ, Unnamed Road, Nargund, Karnataka 582207, India",15.73694,75.3531
61,Gadag,Gadag,"CJMP+336, Station Rd, Basaveshwara Nagar, Gadag-Betageri, Karnataka 582101, India",,,,,,,,"CJMP+336, Station Rd, Basaveshwara Nagar, Gadag-Betageri, Karnataka 582101, India",15.4318543,75.6334639
62,Gadag,Shirahatti,"6HPM+Q86, near:police station Shirahatti. dist:, Shirahatti, Karnataka, India",,,,,,,,"6HPM+Q86, near:police station Shirahatti. dist:, Shirahatti, Karnataka, India",15.2324,75.579
63,Gadag,Mundargi,"6V6M+4MV, Arabhavi - Challakere Rd, Laxmi chalapati Nagar, Mundargi, Karnataka 582118, India",,,,,,,,"6V6M+4MV, Arabhavi - Challakere Rd, Laxmi chalapati Nagar, Mundargi, Karnataka 582118, India",15.211069,75.8824346
64,Gadag,Gajendragad,"PXQG+6GW, Gajendragad, Karnataka 582114, India",,,,,,,,"PXQG+6GW, Gajendragad, Karnataka 582114, India",15.7381125,75.9763281
65,Gadag,Laxmeshwar,"4F98+GVG, Laxmeshwar, Karnataka 582116, India",,,,,,,,"4F98+GVG, Laxmeshwar, Karnataka 582116, India",15.1188125,75.4672031
66,Dharwad,Dharwad,"F234+6PQ, Railway Station Rd, UB Hills, Malmaddi, Dharwad, Karnataka 580001, India",,,,,,,,"F234+6PQ, Railway Station Rd, UB Hills, Malmaddi, Dharwad, Karnataka 580001, India",15.4522611,75.0069548
67,Dharwad,Navalgund,"H955+2CQ, hubli solalapur road, Navalgund, Karnataka 582208, India",,,,,,,,"H955+2CQ, hubli solalapur road, Navalgund, Karnataka 582208, India",15.3683758,75.1703694
68,Dharwad,Hubli,"Mini Vidana Soundha, Ballari - Hubballi Rd, New Hubli, Hubballi, Karnataka 580020, India",,,,,,,,"Mini Vidana Soundha, Ballari - Hubballi Rd, New Hubli, Hubballi, Karnataka 580020, India",15.3510081,75.1396707
69,Dharwad,Kalghatgi,"5XG9+XRH, Hubli - Karwar Rd, Kalaghatgi, Karnataka 581204, India",,,,,,,,"5XG9+XRH, Hubli - Karwar Rd, Kalaghatgi, Karnataka 581204, India",14.9496863,74.6942455
70,Dharwad,Kundgol,"765X+8HP, Kundgol, Karnataka 581113, India",,,,,,,,"765X+8HP, Kundgol, Karnataka 581113, India",15.2583375,75.2489531
71,Dharwad,Hubballi Nagara,"Mini Vidana Soundha, Ballari - Hubballi Rd, New Hubli, Hubballi, Karnataka 580020, India",,,,,,,,"Mini Vidana Soundha, Ballari - Hubballi Rd, New Hubli, Hubballi, Karnataka 580020, India",15.3510081,75.1396707
72,Dharwad,Alnavar,"CPGQ+GJW, Alnavar, Karnataka 581103, India",,,,,,,,"CPGQ+GJW, Alnavar, Karnataka 581103, India",15.4263625,74.7390781
73,Dharwad,Annigeri,"CCJM+5GV, Unnamed Road, Annigeri, Karnataka 582201, India",,,,,,,,"CCJM+5GV, Unnamed Road, Annigeri, Karnataka 582201, India",15.42452,75.44953
74,Uttara Kannada,Karwar,"R46H+XGW, Kodibag, Karwar, Karnataka 581301, India",,,,,,,,"R46H+XGW, Kodibag, Karwar, Karnataka 581301, India",14.8124875,74.1288281
75,Uttara Kannada,Joida,"5F9M+F2G, Joida, Karnataka 581186, India",,,,,,,,"5F9M+F2G, Joida, Karnataka 581186, India",15.1686875,74.4825781
76,Uttara Kannada,Haliyal,"8QJ8+2J5, Haliyal, Karnataka 581329, India",,,,,,,,"8QJ8+2J5, Haliyal, Karnataka 581329, India",15.3300125,74.7666094
77,Uttara Kannada,Yellapur,"XP65+GRX, Yellapur, Karnataka 581359, India",,,,,,,,"XP65+GRX, Yellapur, Karnataka 581359, India",14.9613625,74.7096094
78,Uttara Kannada,Mundgod,"X2FR+8FJ, TDB Road, Mundgod, Karnataka 581349, India",,,,,,,,"X2FR+8FJ, TDB Road, Mundgod, Karnataka 581349, India",14.9725,75.0381
79,Uttara Kannada,Sirsi,"JRCG+HH7, Sirsi, Karnataka 581401, India",,,,,,,,"JRCG+HH7, Sirsi, Karnataka 581401, India",14.6214125,74.8264219
80,Uttara Kannada,Ankola,"M854+W9M, Ankola, Karnataka 581314, India",,,,,,,,"M854+W9M, Ankola, Karnataka 581314, India",14.6598375,74.3059219
81,Uttara Kannada,Kumta,"CCF8+8C6, Kumta, Karnataka 581343, India",,,,,,,,"CCF8+8C6, Kumta, Karnataka 581343, India",14.4232875,74.4160156
82,Uttara Kannada,Siddapur,"8VWV+3FQ, Siddapur Main Rd, Halgeri, Siddapur, Karnataka 581355, India",,,,,,,,"8VWV+3FQ, Siddapur Main Rd, Halgeri, Siddapur, Karnataka 581355, India",14.3452125,74.8937344
83,Uttara Kannada,Honnavar,"7CJX+3HR, Honnavar, Karnataka 581334, India",,,,,,,,"7CJX+3HR, Honnavar, Karnataka 581334, India",14.2802375,74.4488906
84,Uttara Kannada,Bhatkal,"XHV2+982, Belalkanda, Bhatkal, Karnataka 581320, India",,,,,,,,"XHV2+982, Belalkanda, Bhatkal, Karnataka 581320, India",13.9933875,74.5507656
85,Haveri,Shiggaon,"X6MC+58Q, Shiggaon, Karnataka 581205, India",,,,,,,,"X6MC+58Q, Shiggaon, Karnataka 581205, India",14.9829625,75.2208594
86,Haveri,Savanur,"X9J3+XMP, SH 6, Savanur Rural, Karnataka 581118, India",,,,,,,,"X9J3+XMP, SH 6, Savanur Rural, Karnataka 581118, India",14.9755408,75.3324364
87,Haveri,Hangal,"Q4CF+9W3, Mini Vidhana Soudha,road, Hangal, Karnataka, India",,,,,,,,"Q4CF+9W3, Mini Vidhana Soudha,road, Hangal, Karnataka, India",16.2410359,74.6044193
88,Haveri,Haveri,"Q9QX+W4Q, PB Rd, Vidya Nagar, Haveri, Karnataka 581110, India",,,,,,,,"Q9QX+W4Q, PB Rd, Vidya Nagar, Haveri, Karnataka 581110, India",14.7949482,75.3954539
89,Haveri,Byadagi,"MFHV+PJF, kakol Road,, Byadagi, Karnataka, India",,,,,,,,"MFHV+PJF, kakol Road,, Byadagi, Karnataka, India",14.6793729,75.496545
90,Haveri,Hirekerur,"F94Q+PCG, Hirekerur, Karnataka 581111, India",,,,,,,,"F94Q+PCG, Hirekerur, Karnataka 581111, India",14.4568125,75.3885781
91,Haveri,Ranebennur,"JJCM+348, Station Rd, Vageesh Nagar, Ranebennur, Karnataka 581115, India",,,,,,,,"JJCM+348, Station Rd, Vageesh Nagar, Ranebennur, Karnataka 581115, India",14.6236519,75.6334827
92,Haveri,Rattihalli,"CGF6+6J5, Rattihalli, Karnataka 581116",,,,,,,,"CGF6+6J5, Rattihalli, Karnataka 581116",14.4230125,75.5116094
93,Bellari,"Siruguppa,","JVPV+G7J, Siruguppa, Karnataka 583121, India",,,,,,,,"JVPV+G7J, Siruguppa, Karnataka 583121, India",15.6363375,76.8931406
94,Bellari,Bellari,"4WV8+RWV, Fort Main Rd, Narayanappa Compound, Fort, Ballari, Karnataka 583104, India",,,,,,,,"4WV8+RWV, Fort Main Rd, Narayanappa Compound, Fort, Ballari, Karnataka 583104, India",15.1442566,76.9153835
95,Bellari,sandur,"3GQR+CRW, LB Colony, Sandur, Karnataka 583119",,,,,,,,"3GQR+CRW, LB Colony, Sandur, Karnataka 583119",15.0886125,76.5420781
96,Bellari,Kurugodu,"8RVM+GV8, Kurugodu, Karnataka 583116",,,,,,,,"8RVM+GV8, Kurugodu, Karnataka 583116",15.3437875,76.8347031
97,Bellari,Kampli,"CJ44+289, Maruthi Nagar, Kampli, Karnataka 583132, India",,,,,,,,"CJ44+289, Maruthi Nagar, Kampli, Karnataka 583132, India",15.4050375,76.6058594
98,Chitradurga,Chitradurga,"6CF3+Q9H, Maniyur, Chitradurga, Karnataka 577501, India",,,,,,,,"6CF3+Q9H, Maniyur, Chitradurga, Karnataka 577501, India",14.2244375,76.4034844
99,Davanagere,Harihar,"GR84+4G6, PB Rd, New Bharampuri, Gandhi Nagar, Harihar, Karnataka 577601, India",,,,,,,,"GR84+4G6, PB Rd, New Bharampuri, Gandhi Nagar, Harihar, Karnataka 577601, India",14.5113707,75.8179404
100,Davanagere,Jagalur,"G88M+XCC, Jagalur, Karnataka 577528, India",,,,,,,,"G88M+XCC, Jagalur, Karnataka 577528, India",14.5174375,76.3335156
101,Davanagere,Davanagere,"FW99+HFM, M B Kere, Jalinagar, Davanagere, Karnataka 577001, India",,,,,,,,"FW99+HFM, M B Kere, Jalinagar, Davanagere, Karnataka 577001, India",14.4689625,75.9186719
102,Davanagere,Honnali,"6JQX+MFC, Honnali, Karnataka 577217, India",,,,,,,,"6JQX+MFC, Honnali, Karnataka 577217, India",14.2391875,75.6486406
103,Davanagere,Channagiri,"2WFJ+F4Q, Channagiri, Karnataka 577213, India",,,,,,,,"2WFJ+F4Q, Channagiri, Karnataka 577213, India",14.0237125,75.9303594
104,Shivamogga,Sagara,"528F+823, Sagara, Karnataka 577401, India",,,,,,,,"528F+823, Sagara, Karnataka 577401, India",14.1657625,75.0225469
105,Shivamogga,Soraba,"93JX+8WF, Soraba, Karnataka 577429",,,,,,,,"93JX+8WF, Soraba, Karnataka 577429",14.3808125,75.0997969
106,Shivamogga,Shikaripura,"7985+P42, Shikaripura, Shikaripur, Karnataka 577427, India",,,,,,,,"7985+P42, Shikaripura, Shikaripur, Karnataka 577427, India",14.2667625,75.3577656
107,Shivamogga,Hosanagar,"W387+GR2, Hosanagar, Karnataka 577418, India",,,,,,,,"W387+GR2, Hosanagar, Karnataka 577418, India",13.9162625,75.0645156
108,Shivamogga,Thirthahalli,"M6RV+4Q3, Thirthahalli, Karnataka 577432, India",,,,,,,,"M6RV+4Q3, Thirthahalli, Karnataka 577432, India",13.6902625,75.2444219
109,Shivamogga,Shivamogga,"WHPG+VH4, SH 25, Basavanagudi, Shivamogga, Karnataka 577201, India",,,,,,,,"WHPG+VH4, SH 25, Basavanagudi, Shivamogga, Karnataka 577201, India",13.940141,75.5811627
110,Shivamogga,Bhadravathi,"VP23+JGF, Jai Bheem Nagar, Indira Nagar, Bhadravathi, Karnataka 577301, India",,,,,,,,"VP23+JGF, Jai Bheem Nagar, Indira Nagar, Bhadravathi, Karnataka 577301, India",13.8515625,75.7037969
111,Udupi,Kundapura,"JMPQ+MMP, Kundapura, Karnataka 576201, India",,,,,,,,"JMPQ+MMP, Kundapura, Karnataka 576201, India",13.6367125,74.6892031
112,Udupi,Udupi,"8PVQ+4JV, Circuit House Rd, Bananje, Udupi, Karnataka 576101, India",,,,,,,,"8PVQ+4JV, Circuit House Rd, Bananje, Udupi, Karnataka 576101, India",13.3412685,74.7390159
113,Udupi,Karkala,"6XGJ+9G7, Karkala, Karnataka 574104, India",,,,,,,,"6XGJ+9G7, Karkala, Karnataka 574104, India",13.2259125,74.9812969
114,Udupi,Kaup,"6PMW+XFP, Kamala Mathu, Uliyargoli, Kaup, Karnataka 574106, India",,,,,,,,"6PMW+XFP, Kamala Mathu, Uliyargoli, Kaup, Karnataka 574106, India",13.2349625,74.7462031
115,Chikkamagaluru,Tarikere,"PR56+WXW, Near Railway Station, Tarikere, Karnataka 577228, India",,,,,,,,"PR56+WXW, Near Railway Station, Tarikere, Karnataka 577228, India",11.24581,75.78312
116,Chikkamagaluru,Kadur,"H236+3XX, Doddapete, Kadur, Karnataka 577548, India",,,,,,,,"H236+3XX, Doddapete, Kadur, Karnataka 577548, India",13.5527375,76.0124844
117,Chikkamagaluru,Chikkamagaluru,"near, hanumanthappa circle, Basavanahalli, Chikkamagaluru, Karnataka 577101, India",,,,,,,,"near, hanumanthappa circle, Basavanahalli, Chikkamagaluru, Karnataka 577101, India",13.325621,75.774204
118,Chikkamagaluru,Mudigere,"4JMR+RHP, Mudigere, Karnataka 577132, India",,,,,,,,"4JMR+RHP, Mudigere, Karnataka 577132, India",13.1345875,75.6414531
119,Tumkuru,Chiknayakanahalli,"CJ5C+RWG, NH-150A, Chikkanayakanahalli, Karnataka 572214, India",,,,,,,,"CJ5C+RWG, NH-150A, Chikkanayakanahalli, Karnataka 572214, India",13.4141898,76.621836
120,Tumkuru,Pavagada,"Pavagada, Tumkur, SH-3, Madugiri Pavagada Chikkahalli Road, Tumkur, Tumkur, Karnataka 561202, India",,,,,,,,"Pavagada, Tumkur, SH-3, Madugiri Pavagada Chikkahalli Road, Tumkur, Tumkur, Karnataka 561202, India",13.3124911,77.2391292
121,Tumkuru,Madhugiri,"M668+P83, Madhugiri, Karnataka 572132, India",,,,,,,,"M668+P83, Madhugiri, Karnataka 572132, India",13.6617625,77.2157969
122,Tumkuru,Koratagere,"G6CR+F4X, Koratagere, Karnataka 572129, India",,,,,,,,"G6CR+F4X, Koratagere, Karnataka 572129, India",13.5212375,77.2403594
123,Tumkuru,Tumakuru,"84Q7+M4X, taluk walfare office, Tumakuru, Karnataka 572101, India",,,,,,,,"84Q7+M4X, taluk walfare office, Tumakuru, Karnataka 572101, India",13.3392411,77.1128708
124,Tumkuru,Gubbi,"8W7R+Q6G, MG Rd, Gubbi, Karnataka 572216, India",,,,,,,,"8W7R+Q6G, MG Rd, Gubbi, Karnataka 572216, India",13.3155515,76.9402992
125,Tumkuru,Tiptur,"4, National Highway 206, Vidya Nagar, Tiptur, Karnataka 572202, India",,,,,,,,"4, National Highway 206, Vidya Nagar, Tiptur, Karnataka 572202, India",13.262551,76.4543107
126,Tumkuru,Kunigal,"22FC+555, Kunigal, Karnataka 572130, India",,,,,,,,"22FC+555, Kunigal, Karnataka 572130, India",13.0228875,77.0204844
127,Kolar,Srinivaspur,"Mini Vidhana Soudha, Kolar Road Near, SH 99, Srinivaspur, Karnataka 563135, India",,,,,,,,"Mini Vidhana Soudha, Kolar Road Near, SH 99, Srinivaspur, Karnataka 563135, India",13.140435,78.1369344
128,Kolar,Malur,"SH 17
Maruthi Extension
Malur, Karnataka 563130
India",,,,,,,,"SH 17
 Maruthi Extension
 Malur, Karnataka 563130
 India",13.0029884,77.9381636
129,Kolar,Bangarpet,"Vivekanand Nagar Bangarapet, Karnataka 563114 India",,,,,,,,"Vivekanand Nagar Bangarapet, Karnataka 563114 India",12.9925024,78.178531
130,Kolar,K.G.F,"X74F+4F3, Swarna Nagar, Rcky, Kolar Gold Fields, Karnataka 563122, India",,,,,,,,"X74F+4F3, Swarna Nagar, Rcky, Kolar Gold Fields, Karnataka 563122, India",12.9932,78.24647
131,Bengaluru ,Bengaluru(North),"9/1, 19th Main Rd, 2nd Stage, Nagapura, Bengaluru, Karnataka 560010, India",,,,,,,,"9/1, 19th Main Rd, 2nd Stage, Nagapura, Bengaluru, Karnataka 560010, India",13.0063519,77.5496052
132,Bengaluru ,Bengaluru-South,"WF7P+FRV, bmtc bus station, Kengeri, Bengaluru, Karnataka 560026, India",,,,,,,,"WF7P+FRV, bmtc bus station, Kengeri, Bengaluru, Karnataka 560026, India",12.8996676,77.4826837
133,Bengaluru ,Bengaluru-East,"3P7R+2CC, Bommenahalli, Sivas Rd, Bengaluru, Karnataka 560049, India",,,,,,,,"3P7R+2CC, Bommenahalli, Sivas Rd, Bengaluru, Karnataka 560049, India",13.0650021,77.7384604
134,Bengaluru ,Yelahanka,"3HXV+35F, NES Office Rd, Suggappa Layout, East Colony, Yelahanka New Town, Bengaluru, Karnataka 560064, India",,,,,,,,"3HXV+35F, NES Office Rd, Suggappa Layout, East Colony, Yelahanka New Town, Bengaluru, Karnataka 560064, India",13.0991351,77.5931299
135,Bengaluru ,Nelamangala,"39XR+CM9, Jayanagara,  nelamangala, Indiranagara, Karnataka 562123, India",,,,,,,,"39XR+CM9, Jayanagara, nelamangala, Indiranagara, Karnataka 562123, India",13.0985375,77.3917344
136,Bengaluru ,Basavanagudi,"Krishna Rajendra Rd, Gandhi Bazaar, Basavanagudi, Bengaluru, Karnataka 560004",,,,,,,,"Krishna Rajendra Rd, Gandhi Bazaar, Basavanagudi, Bengaluru, Karnataka 560004",12.9458548,77.573783
137,Bengaluru ,Banaswadi,"216, 2nd H Main Rd, East of NGEF Layout, Bennigana Halli, Bengaluru, Karnataka 560043",,,,,,,,"216, 2nd H Main Rd, East of NGEF Layout, Bennigana Halli, Bengaluru, Karnataka 560043",13.0034988,77.6623593
138,Bengaluru ,whitefield,"88, Borewell Rd, Palm Meadows, Dodsworth Layout, Whitefield, Bengaluru, Karnataka 560066",,,,,,,,"88, Borewell Rd, Palm Meadows, Dodsworth Layout, Whitefield, Bengaluru, Karnataka 560066",12.9685869,77.7454387
139,Bengaluru ,Devanahalli,"6PV5+C4C, Devanahalli, Karnataka 562110, India",,,,,,,,"6PV5+C4C, Devanahalli, Karnataka 562110, India",13.2435625,77.7077656
140,Bengaluru ,Hoskote,"3QHP+3VX, Kammavari Pete, Hoskote, Karnataka 562129, India",,,,,,,,"3QHP+3VX, Kammavari Pete, Hoskote, Karnataka 562129, India",13.0777375,77.7872344
141,Bengaluru ,Bellandur,"WMHG+X59, Bellandur Main Rd, Bellandur, Bengaluru, Karnataka 560103",,,,,,,,"WMHG+X59, Bellandur Main Rd, Bellandur, Bengaluru, Karnataka 560103",12.922934,77.6729171
142,Bengaluru ,Electronic city,"Block 3, Electronics City Phase 1, Electronic City, B-103, 2nd Cross Road, Electronics City Phase 1, Electronic City, Bengaluru, Karnataka 560100",,,,,,,,"Block 3, Electronics City Phase 1, Electronic City, B-103, 2nd Cross Road, Electronics City Phase 1, Electronic City, Bengaluru, Karnataka 560100",12.8413449,77.6645127
143,Mandya,Krishnarajpet,"MF5P+3V7, Krishnarajpete, Karnataka 571426, India",,,,,,,,"MF5P+3V7, Krishnarajpete, Karnataka 571426, India",12.6576625,76.4871719
144,Mandya,Nagamangala,"RQM5+9MQ, Nagamangala, Karnataka 571432, India",,,,,,,,"RQM5+9MQ, Nagamangala, Karnataka 571432, India",12.8334625,76.7592344
145,Mandya,Srirangapatna,"CMFM+Q84, Srirangapatna, Karnataka 571438, India",,,,,,,,"CMFM+Q84, Srirangapatna, Karnataka 571438, India",12.4243875,76.6833281
146,Mandya,Mandya,"GVFJ+3M5, PES College Campus, Mandya, Karnataka 571401, India",,,,,,,,"GVFJ+3M5, PES College Campus, Mandya, Karnataka 571401, India",12.5226375,76.8817344
147,Mandya,Maddur,"H2MV+R37, Maddur Main Rd, Maddur, Karnataka 571428, India",,,,,,,,"H2MV+R37, Maddur Main Rd, Maddur, Karnataka 571428, India",12.5870409,77.0459448
148,Mandya,Malavalli,"93M5+6P7, Malavalli, Karnataka 571430, India",,,,,,,,"93M5+6P7, Malavalli, Karnataka 571430, India",12.3830375,77.0592969
149,Hassan,Sakleshpur,"Sakleshpur, Hassan, NH-48, Mangalore Bangalore High, Hassan, Hassan, Karnataka 573134, India",,,,,,,,"Sakleshpur, Hassan, NH-48, Mangalore Bangalore High, Hassan, Hassan, Karnataka 573134, India",12.9484703,75.8039795
150,Hassan,Belur,"5VFF+5XH, Belur, Karnataka 573115, India",,,,,,,,"5VFF+5XH, Belur, Karnataka 573115, India",13.1729375,75.8749844
151,Hassan,Hassan,"233X+7WG, BM Rd, Ammeer Mohalla, Hassan, Karnataka 573201, India",,,,,,,,"233X+7WG, BM Rd, Ammeer Mohalla, Hassan, Karnataka 573201, India",13.0011653,76.098101
152,Hassan,Alur,"XXHV+8FF, BM Rd, Alur, Karnataka 573213, India",,,,,,,,"XXHV+8FF, BM Rd, Alur, Karnataka 573213, India",12.9783877,75.9937081
153,Hassan,Arkalgud,"Q384+WGX, Arakalagud, Karnataka 573102, India",,,,,,,,"Q384+WGX, Arakalagud, Karnataka 573102, India",12.7673625,76.0563594
154,Hassan,Holenarasipura,"Hassan, SH-8, Arakalagud Holenarasipura Road, Holenarasipura, Holenarasipur, Karnataka 573211, India",,,,,,,,"Hassan, SH-8, Arakalagud Holenarasipura Road, Holenarasipura, Holenarasipur, Karnataka 573211, India",12.7642235,76.0665955
155,Hassan,Channarayapatna,"W93Q+9G9, Bangalore - Mangalore Hwy, Byrapura, Channarayapattana, Karnataka 573225, India",,,,,,,,"W93Q+9G9, Bangalore - Mangalore Hwy, Byrapura, Channarayapattana, Karnataka 573225, India",12.9034125,76.3888594
156,Dakshina Kannada,Mangaluru,"VR7R+R52, Old Kent Rd, Attavar, Mangaluru, Karnataka 575001, India",,,,,,,,"VR7R+R52, Old Kent Rd, Attavar, Mangaluru, Karnataka 575001, India",12.8645125,74.8403906
157,Dakshina Kannada,Bantwal,"V2JJ+C7C, B.C Road, Bantwal, Karnataka 574219, India",,,,,,,,"V2JJ+C7C, B.C Road, Bantwal, Karnataka 574219, India",12.8810625,75.0306406
158,Dakshina Kannada,Belthangady,"X7QJ+XRX, Taluk Office Rd, Police Quarters, Belthangady, Karnataka 574214, India",,,,,,,,"X7QJ+XRX, Taluk Office Rd, Police Quarters, Belthangady, Karnataka 574214, India",11.04106,76.99806
159,Dakshina Kannada,Puttur,"Q56X+8PP, Court Road, Puttur, Karnataka 574201, India",,,,,,,,"Q56X+8PP, Court Road, Puttur, Karnataka 574201, India",12.7608035,75.201361
160,Dakshina Kannada,Sulya,"H93P+R8J, Kurunjibhag, Sulya, Karnataka 574327, India",,,,,,,,"H93P+R8J, Kurunjibhag, Sulya, Karnataka 574327, India",12.5545875,75.3857656
161,Dakshina Kannada,Mudbidri,"3X8V+FG2, Mudbidri, Karnataka 574227, India",,,,,,,,"3X8V+FG2, Mudbidri, Karnataka 574227, India",13.0661375,74.9937656
162,Dakshina Kannada,Kadaba,"PFW7+522, Kadaba-Subrahmanya Rd, Kadaba, Karnataka 574221, India",,,,,,,,"PFW7+522, Kadaba-Subrahmanya Rd, Kadaba, Karnataka 574221, India",12.7453875,75.4625156
163,Dakshina Kannada,Mulki,"3QMW+QV2, SH 70, Karnad, Mulki, Karnataka 574154, India",,,,,,,,"3QMW+QV2, SH 70, Karnad, Mulki, Karnataka 574154, India",13.0850428,74.7984613
164,Dakshina Kannada,Ullala,"RW23+RR2, Naringana, Natekal, Ullala, Karnataka 574199, India",,,,,,,,"RW23+RR2, Naringana, Natekal, Ullala, Karnataka 574199, India",12.8020125,74.9045156
165,Kodagu,Madikeri,"Near, Fort Rd, Stuart Hill, Madikeri, Karnataka 571201, India",,,,,,,,"Near, Fort Rd, Stuart Hill, Madikeri, Karnataka 571201, India",12.4201021,75.7395923
166,Kodagu,Somwarpet,"HRWX+RQV, Somwarpet, Karnataka 571236, India",,,,,,,,"HRWX+RQV, Somwarpet, Karnataka 571236, India",12.5971125,75.8494219
167,Kodagu,Virajpet,"5RX2+33F, Court Rd, Virajpet, Karnataka 571218, India",,,,,,,,"5RX2+33F, Court Rd, Virajpet, Karnataka 571218, India",12.29975,75.75521
168,Mysuru,Hunsur,"877Q+8F9, Mysore - Madikeri Rd, Hunsur, Karnataka 571105, India",,,,,,,,"877Q+8F9, Mysore - Madikeri Rd, Hunsur, Karnataka 571105, India",12.3432626,76.5786303
169,Mysuru,Krishnarajanagara,"C9VJ+XR5, Mysore Rd, Krishnarajanagara, Karnataka 571602, India",,,,,,,,"C9VJ+XR5, Mysore Rd, Krishnarajanagara, Karnataka 571602, India",12.4461729,76.3835901
170,Mysuru,Mysuru,"8M77+322, Nazarbad, Mysuru, Karnataka 570010, India",,,,,,,,"8M77+322, Nazarbad, Mysuru, Karnataka 570010, India",12.3126375,76.6625156
171,Mysuru,Nanjangud,"4MJG+8CX, Chamalapura, Karnataka 571302, India",,,,,,,,"4MJG+8CX, Chamalapura, Karnataka 571302, India",12.1308625,76.6761094
172,Mysuru,T.Narasipura,"6W53+F5J, Byrapura,, SH84, Tirumakudalu Narasipura, Karnataka 571124, India",,,,,,,,"6W53+F5J, Byrapura,, SH84, Tirumakudalu Narasipura, Karnataka 571124, India",12.2137925,76.9012133
173,Mysuru,Saragur,"295R+X54, Sargur, Karnataka 571121, India",,,,,,,,"295R+X54, Sargur, Karnataka 571121, India",12.0098875,76.3904531
174,Chamarajanagara,Gundlupete,"Chamarajanagar, NH-212, Kozhikode Kerala Highway, Gundlupete, Gundlupete, Karnataka 571111, India",,,,,,,,"Chamarajanagar, NH-212, Kozhikode Kerala Highway, Gundlupete, Gundlupete, Karnataka 571111, India",11.7443029,76.4746926
175,Chamarajanagara,Chamarajanagara,"WXH2+JVW, Chamarajanagara-BR Hills Rd, Bhagirath Nagar, Chamarajnagar, Karnataka 571313, India",,,,,,,,"WXH2+JVW, Chamarajanagara-BR Hills Rd, Bhagirath Nagar, Chamarajnagar, Karnataka 571313, India",11.9291125,76.9522031
176,Chamarajanagara,Yelandur,"322H+VWC, NH948, Yelandur, Karnataka 571441, India",,,,,,,,"322H+VWC, NH948, Yelandur, Karnataka 571441, India",12.0515026,77.0306331
177,Chamarajanagara,Kollegala,"5436+792, Belakavadi - Kollegala Rd, Kollegal, Karnataka 571440, India",,,,,,,,"5436+792, Belakavadi - Kollegala Rd, Kollegal, Karnataka 571440, India",12.1576092,77.1112627
178,Chikkaballapura,Gauribidanur,"834/779, SH 9, Gauribidanur, Karnataka 561208, India",,,,,,,,"834/779, SH 9, Gauribidanur, Karnataka 561208, India",13.6098526,77.5174569
179,Chikkaballapura,Chikkballapur,"CPPH+HR4, NH234, Chikkaballapur, Karnataka 562101, India",,,,,,,,"CPPH+HR4, NH234, Chikkaballapur, Karnataka 562101, India",13.54245,77.54125
180,Chikkaballapura,Gudibanda,"MPC4+CJJ, Gudibanda, Karnataka 561209, India",,,,,,,,"MPC4+CJJ, Gudibanda, Karnataka 561209, India",13.6710875,77.7065156
181,Chikkaballapura,Bagepalli,"QQMR+9V6, Bagepalli, Karnataka 561207, India",,,,,,,,"QQMR+9V6, Bagepalli, Karnataka 561207, India",13.7834125,77.7921406
182,Ramanagara,Magadi,"X63F+PJR, Magadi Rural, Karnataka 562120, India",,,,,,,,"X63F+PJR, Magadi Rural, Karnataka 562120, India",12.9543625,77.2240156
183,Ramanagara,Ramanagar,"P79G+CCC, Ijoor, Ramanagara, Karnataka 562159, India",,,,,,,,"P79G+CCC, Ijoor, Ramanagara, Karnataka 562159, India",12.7185625,77.2760156
184,Ramanagara,Channapatna,"M624+HMR, SH17, Channapatna, Karnataka 562160, India",,,,,,,,"M624+HMR, SH17, Channapatna, Karnataka 562160, India",12.6535518,77.2007842
185,Ramanagara,Kanakpura,"GCWF+V73, Kanakapura, Karnataka 562117, India",,,,,,,,"GCWF+V73, Kanakapura, Karnataka 562117, India",12.5471375,77.4231719
186,Ramanagara,Harohalli,"MFH9+723, Taluk, Harohalli, Karnataka 562112, India",,,,,,,,"MFH9+723, Taluk, Harohalli, Karnataka 562112, India",12.69241,77.59126
187,Yadgir,Yadgir,"Q42P+HFQ, Yadgir-Bidar Rd, Yadgiri, Karnataka 585201, India",,,,,,,,"Q42P+HFQ, Yadgir-Bidar Rd, Yadgiri, Karnataka 585201, India",16.7630078,77.1329199
188,Yadgir,Shahapur,"PR3R+JF6, Jevargi - Chamarajanagar Rd, Shahapur, Karnataka 585223, India",,,,,,,,"PR3R+JF6, Jevargi - Chamarajanagar Rd, Shahapur, Karnataka 585223, India",16.6897399,76.8474401
189,Yadgir,Shorapur,"GPCX+JCV, Shorapur, Karnataka 585220, India",,,,,,,,"GPCX+JCV, Shorapur, Karnataka 585220, India",16.5216125,76.7485469
190,Vijayanagara,Hosapete,"79GP+3XF, College Rd, Hosapete, Karnataka 583201, India",,,,,,,,"79GP+3XF, College Rd, Hosapete, Karnataka 583201, India",15.2755125,76.3871771
191,Vijayanagara,Kudligi,"Bommaghatta Rd Kudligi, Karnataka 583135
India",,,,,,,,"Bommaghatta Rd Kudligi, Karnataka 583135
 India",14.9035673,76.3921847
192,Vijayanagara,Harapanahalli,"QXVR+54F, Harapanahalli, Karnataka 583131, India",,,,,,,,"QXVR+54F, Harapanahalli, Karnataka 583131, India",14.7929375,75.9902969
193,Vijayanagara,Hadagali,"2W9X+4HW, Huvina Hadagali, Karnataka 583219, India",,,,,,,,"2W9X+4HW, Huvina Hadagali, Karnataka 583219, India",15.0178625,75.9489531
